 ,Accuracy          ,Probability       ,False Positive,Runtime
0,0.9               ,0.92661           ,0             ,0 days 00:00:03.167000000
1,0.7333333333333333,0.9083923076923077,1             ,0 days 00:00:00.086000000
2,0.4285714285714286,0.9978666666666667,0             ,0 days 00:00:00.087999000
3,0.0               ,0.9459            ,1             ,0 days 00:00:00.088999000
4,0.0               ,0.9779            ,1             ,0 days 00:00:00.093002000
