 ,Accuracy          ,Probability       ,False Positive,Runtime
0,0.9               ,0.92661           ,0             ,0 days 00:00:02.835999000
1,0.7333333333333333,0.9083923076923077,1             ,0 days 00:00:00.086998000
2,0.4285714285714286,0.9978666666666667,0             ,0 days 00:00:00.090000000
3,0.0               ,0.9459            ,1             ,0 days 00:00:00.086002000
4,0.0               ,0.9779            ,1             ,0 days 00:00:00.086001000
